<?xml version="1.0" encoding="UTF-8"?>
<!DOCTYPE mapper
        PUBLIC "-//mybatis.org//DTD Mapper 3.0//EN"
        "http://mybatis.org/dtd/mybatis-3-mapper.dtd">
<mapper namespace="com.jeff.teammate.mapper.UserMapper">

    <resultMap id="BaseResultMap" type="com.jeff.teammate.model.User">
            <id property="id" column="id" jdbcType="BIGINT"/>
            <result property="createTime" column="createTime" jdbcType="TIMESTAMP"/>
            <result property="updateTime" column="updateTime" jdbcType="TIMESTAMP"/>
            <result property="userName" column="userName" jdbcType="VARCHAR"/>
            <result property="gender" column="gender" jdbcType="CHAR"/>
            <result property="avatarUrl" column="avatarUrl" jdbcType="VARCHAR"/>
            <result property="email" column="email" jdbcType="VARCHAR"/>
            <result property="phone" column="phone" jdbcType="VARCHAR"/>
            <result property="userState" column="userState" jdbcType="TINYINT"/>
            <result property="userRole" column="userRole" jdbcType="TINYINT"/>
            <result property="userPassword" column="userPassword" jdbcType="VARCHAR"/>
    </resultMap>

    <sql id="Base_Column_List">
        id,createTime,updateTime,
        userName,gender,avatarUrl,
        email,phone,userState,
        userRole,userPassword
    </sql>
</mapper>
